monetary,expected_clv
12948.113380281691,3967.5691779303984
11438.73009009009,3590.908942537228
8405.754615384616,2855.981454316278
7975.105425531915,2735.6323652519773
6402.5414594594595,2490.0451759635775
